Time,Close
2018/02/27 6:00,1.23305
2018/02/27 10:00,1.22867
2018/02/27 14:00,1.22469
2018/02/27 18:00,1.22319
2018/02/27 22:00,1.22288
2018/02/28 2:00,1.22265
2018/02/28 6:00,1.22194
2018/02/28 10:00,1.22173
2018/02/28 14:00,1.22078
2018/02/28 18:00,1.2193
2018/02/28 22:00,1.21908
2018/03/01 2:00,1.21918
2018/03/01 6:00,1.21809
2018/03/01 10:00,1.21866
2018/03/01 14:00,1.22114
2018/03/01 18:00,1.22663
2018/03/01 22:00,1.22737
2018/03/02 2:00,1.22783
2018/03/02 6:00,1.22752
2018/03/02 10:00,1.23082
2018/03/02 14:00,1.23115
2018/03/02 18:00,1.23207
2018/03/04 22:00,1.23291
2018/03/05 2:00,1.23181
2018/03/05 6:00,1.23213
2018/03/05 10:00,1.23074
2018/03/05 14:00,1.23333
2018/03/05 18:00,1.23349
2018/03/05 22:00,1.2355
2018/03/06 2:00,1.23484
2018/03/06 6:00,1.23434
2018/03/06 10:00,1.24064
2018/03/06 14:00,1.23924
2018/03/06 18:00,1.2403
2018/03/06 22:00,1.24132
2018/03/07 2:00,1.24179
2018/03/07 6:00,1.24226
2018/03/07 10:00,1.2414
2018/03/07 14:00,1.23997
2018/03/07 18:00,1.24098
2018/03/07 22:00,1.23997
2018/03/08 2:00,1.24034
2018/03/08 6:00,1.23819
2018/03/08 10:00,1.24019
2018/03/08 14:00,1.23178
2018/03/08 18:00,1.23098
2018/03/08 22:00,1.22978
2018/03/09 2:00,1.23145
2018/03/09 6:00,1.2301
2018/03/09 10:00,1.22926
2018/03/09 14:00,1.23168
2018/03/09 18:00,1.23041
2018/03/11 22:00,1.23158
2018/03/12 2:00,1.23189
2018/03/12 6:00,1.23114
2018/03/12 10:00,1.2307
2018/03/12 14:00,1.23285
2018/03/12 18:00,1.23336
2018/03/12 22:00,1.23383
2018/03/13 2:00,1.23273
2018/03/13 6:00,1.23285
2018/03/13 10:00,1.23679
2018/03/13 14:00,1.23904
2018/03/13 18:00,1.23909
2018/03/13 22:00,1.24025
2018/03/14 2:00,1.24035
2018/03/14 6:00,1.23658
2018/03/14 10:00,1.23568
2018/03/14 14:00,1.23743
2018/03/14 18:00,1.23669
2018/03/14 22:00,1.23757
2018/03/15 2:00,1.23735
2018/03/15 6:00,1.23591
2018/03/15 10:00,1.23324
2018/03/15 14:00,1.23344
2018/03/15 18:00,1.23039
2018/03/15 22:00,1.23001
2018/03/16 2:00,1.23106
2018/03/16 6:00,1.23221
2018/03/16 10:00,1.22831
2018/03/16 14:00,1.22883
2018/03/16 18:00,1.22889
2018/03/18 22:00,1.22684
2018/03/19 2:00,1.22608
2018/03/19 6:00,1.22815
2018/03/19 10:00,1.23136
2018/03/19 14:00,1.23473
2018/03/19 18:00,1.23337
2018/03/19 22:00,1.23456
2018/03/20 2:00,1.23353
2018/03/20 6:00,1.2316
2018/03/20 10:00,1.22699
2018/03/20 14:00,1.22605
2018/03/20 18:00,1.22427
2018/03/20 22:00,1.22565
2018/03/21 2:00,1.22613
2018/03/21 6:00,1.22775
2018/03/21 10:00,1.22886
2018/03/21 14:00,1.22785
2018/03/21 18:00,1.23375
2018/03/21 22:00,1.23634
2018/03/22 2:00,1.2345
2018/03/22 6:00,1.23335
2018/03/22 10:00,1.23211
2018/03/22 14:00,1.23017
2018/03/22 18:00,1.23046
2018/03/22 22:00,1.23287
2018/03/23 2:00,1.23312
2018/03/23 6:00,1.23234
2018/03/23 10:00,1.23357
2018/03/23 14:00,1.23611
2018/03/23 18:00,1.23525
2018/03/25 22:00,1.23687
2018/03/26 2:00,1.23726
2018/03/26 6:00,1.23917
2018/03/26 10:00,1.23997
2018/03/26 14:00,1.24434
2018/03/26 18:00,1.2443
2018/03/26 22:00,1.24488
2018/03/27 2:00,1.2449
2018/03/27 6:00,1.24292
2018/03/27 10:00,1.23862
2018/03/27 14:00,1.24128
2018/03/27 18:00,1.24017
2018/03/27 22:00,1.24119
2018/03/28 2:00,1.24076
2018/03/28 6:00,1.23969
2018/03/28 10:00,1.23823
2018/03/28 14:00,1.23452
2018/03/28 18:00,1.23077
2018/03/28 22:00,1.23116
2018/03/29 2:00,1.23294
2018/03/29 6:00,1.23062
2018/03/29 10:00,1.23181
2018/03/29 14:00,1.22896
2018/03/29 18:00,1.22999
2018/03/29 22:00,1.22992
2018/03/30 2:00,1.23109
2018/03/30 6:00,1.23274
2018/03/30 10:00,1.23269
2018/03/30 14:00,1.23252
2018/03/30 18:00,1.23257
2018/04/01 22:00,1.23211
2018/04/02 2:00,1.23162
2018/04/02 6:00,1.23283
2018/04/02 10:00,1.23351
2018/04/02 14:00,1.22934
2018/04/02 18:00,1.23007
2018/04/02 22:00,1.23026
2018/04/03 2:00,1.23088
2018/04/03 6:00,1.2316
2018/04/03 10:00,1.2295
2018/04/03 14:00,1.22657
2018/04/03 18:00,1.22697
2018/04/03 22:00,1.2278
2018/04/04 2:00,1.22774
2018/04/04 6:00,1.22906
2018/04/04 10:00,1.22959
2018/04/04 14:00,1.22933
2018/04/04 18:00,1.22768
2018/04/04 22:00,1.22853
2018/04/05 2:00,1.2276
2018/04/05 6:00,1.22642
2018/04/05 10:00,1.22492
2018/04/05 14:00,1.22354
2018/04/05 18:00,1.22392
2018/04/05 22:00,1.22484
2018/04/06 2:00,1.22376
2018/04/06 6:00,1.22344
2018/04/06 10:00,1.2247
2018/04/06 14:00,1.2275
2018/04/06 18:00,1.22797
2018/04/08 22:00,1.22741
2018/04/09 2:00,1.22766
2018/04/09 6:00,1.22792
2018/04/09 10:00,1.23125
2018/04/09 14:00,1.23174
2018/04/09 18:00,1.23196
2018/04/09 22:00,1.23245
2018/04/10 2:00,1.23177
2018/04/10 6:00,1.23243
2018/04/10 10:00,1.23484
2018/04/10 14:00,1.23395
2018/04/10 18:00,1.23548
2018/04/10 22:00,1.23602
2018/04/11 2:00,1.23631
2018/04/11 6:00,1.23765
2018/04/11 10:00,1.23746
2018/04/11 14:00,1.23738
2018/04/11 18:00,1.2366
2018/04/11 22:00,1.23751
2018/04/12 2:00,1.23577
2018/04/12 6:00,1.23452
2018/04/12 10:00,1.23149
2018/04/12 14:00,1.23336
2018/04/12 18:00,1.23256
2018/04/12 22:00,1.23278
2018/04/13 2:00,1.23282
2018/04/13 6:00,1.23343
2018/04/13 10:00,1.23155
2018/04/13 14:00,1.23411
2018/04/13 18:00,1.23291
2018/04/15 22:00,1.23384
2018/04/16 2:00,1.23303
2018/04/16 6:00,1.23637
2018/04/16 10:00,1.23806
2018/04/16 14:00,1.2382
2018/04/16 18:00,1.23783
2018/04/16 22:00,1.23829
2018/04/17 2:00,1.23816
2018/04/17 6:00,1.23847
2018/04/17 10:00,1.2347
2018/04/17 14:00,1.23545
2018/04/17 18:00,1.23687
2018/04/17 22:00,1.23694
2018/04/18 2:00,1.23766
2018/04/18 6:00,1.2359
2018/04/18 10:00,1.23907
2018/04/18 14:00,1.23894
2018/04/18 18:00,1.23727
2018/04/18 22:00,1.23715
2018/04/19 2:00,1.23774
2018/04/19 6:00,1.23655
2018/04/19 10:00,1.23785
2018/04/19 14:00,1.23441
2018/04/19 18:00,1.23444
2018/04/19 22:00,1.23466
2018/04/20 2:00,1.23402
2018/04/20 6:00,1.2314
2018/04/20 10:00,1.229
2018/04/20 14:00,1.22958
2018/04/20 18:00,1.22886
2018/04/22 22:00,1.22698
2018/04/23 2:00,1.2271
2018/04/23 6:00,1.22376
2018/04/23 10:00,1.22399
2018/04/23 14:00,1.22174
2018/04/23 18:00,1.22075
2018/04/23 22:00,1.22059
2018/04/24 2:00,1.22125
2018/04/24 6:00,1.22023
2018/04/24 10:00,1.2206
2018/04/24 14:00,1.22398
2018/04/24 18:00,1.2231
2018/04/24 22:00,1.22287
2018/04/25 2:00,1.22164
2018/04/25 6:00,1.2202
2018/04/25 10:00,1.21828
2018/04/25 14:00,1.21843
2018/04/25 18:00,1.21597
2018/04/25 22:00,1.21717
2018/04/26 2:00,1.21749
2018/04/26 6:00,1.21707
2018/04/26 10:00,1.21989
2018/04/26 14:00,1.21252
2018/04/26 18:00,1.21023
2018/04/26 22:00,1.21069
2018/04/27 2:00,1.21108
2018/04/27 6:00,1.20709
2018/04/27 10:00,1.20837
2018/04/27 14:00,1.21107
2018/04/27 18:00,1.21283
2018/04/29 22:00,1.21278
2018/04/30 2:00,1.21283
2018/04/30 6:00,1.21035
2018/04/30 10:00,1.20866
2018/04/30 14:00,1.20999
2018/04/30 18:00,1.20767
2018/04/30 22:00,1.20787
2018/05/01 2:00,1.20715
2018/05/01 6:00,1.20333
2018/05/01 10:00,1.2024
2018/05/01 14:00,1.20157
2018/05/01 18:00,1.19914
2018/05/01 22:00,1.199
2018/05/02 2:00,1.20026
2018/05/02 6:00,1.1999
2018/05/02 10:00,1.20108
2018/05/02 14:00,1.19666
2018/05/02 18:00,1.19496
2018/05/02 22:00,1.19661
2018/05/03 2:00,1.19875
2018/05/03 6:00,1.19852
2018/05/03 10:00,1.19787
2018/05/03 14:00,1.19874
2018/05/03 18:00,1.19872
2018/05/03 22:00,1.19835
2018/05/04 2:00,1.19853
2018/05/04 6:00,1.19623
2018/05/04 10:00,1.19663
2018/05/04 14:00,1.19625
2018/05/04 18:00,1.19624
2018/05/06 22:00,1.19689
2018/05/07 2:00,1.19596
2018/05/07 6:00,1.193
2018/05/07 10:00,1.19183
2018/05/07 14:00,1.19323
2018/05/07 18:00,1.19211
2018/05/07 22:00,1.19354
2018/05/08 2:00,1.19121
2018/05/08 6:00,1.18877
2018/05/08 10:00,1.18645
2018/05/08 14:00,1.18788
2018/05/08 18:00,1.18633
2018/05/08 22:00,1.18534
2018/05/09 2:00,1.18543
2018/05/09 6:00,1.18554
2018/05/09 10:00,1.1885
2018/05/09 14:00,1.18547
2018/05/09 18:00,1.18495
2018/05/09 22:00,1.18484
2018/05/10 2:00,1.18724
2018/05/10 6:00,1.1873
2018/05/10 10:00,1.19263
2018/05/10 14:00,1.19098
2018/05/10 18:00,1.19138
2018/05/10 22:00,1.19223
2018/05/11 2:00,1.19136
2018/05/11 6:00,1.19206
2018/05/11 10:00,1.19501
2018/05/11 14:00,1.1957
2018/05/11 18:00,1.19388
2018/05/13 22:00,1.19635
2018/05/14 2:00,1.19556
2018/05/14 6:00,1.19837
2018/05/14 10:00,1.19842
2018/05/14 14:00,1.19753
2018/05/14 18:00,1.19259
2018/05/14 22:00,1.19358
2018/05/15 2:00,1.19134
2018/05/15 6:00,1.19177
2018/05/15 10:00,1.18464
2018/05/15 14:00,1.18645
2018/05/15 18:00,1.18367
2018/05/15 22:00,1.18298
2018/05/16 2:00,1.18315
2018/05/16 6:00,1.18371
2018/05/16 10:00,1.17658
2018/05/16 14:00,1.18118
2018/05/16 18:00,1.18063
2018/05/16 22:00,1.18108
2018/05/17 2:00,1.1818
2018/05/17 6:00,1.1814
2018/05/17 10:00,1.18047
2018/05/17 14:00,1.18038
2018/05/17 18:00,1.17932
2018/05/17 22:00,1.18046
2018/05/18 2:00,1.18041
2018/05/18 6:00,1.18056
2018/05/18 10:00,1.17689
2018/05/18 14:00,1.17835
2018/05/18 18:00,1.17685
2018/05/20 22:00,1.17467
2018/05/21 2:00,1.17496
2018/05/21 6:00,1.1741
2018/05/21 10:00,1.17684
2018/05/21 14:00,1.17703
2018/05/21 18:00,1.17904
2018/05/21 22:00,1.17907
2018/05/22 2:00,1.17734
2018/05/22 6:00,1.18075
2018/05/22 10:00,1.17805
2018/05/22 14:00,1.17837
2018/05/22 18:00,1.17776
2018/05/22 22:00,1.17817
2018/05/23 2:00,1.1765
2018/05/23 6:00,1.17282
2018/05/23 10:00,1.16998
2018/05/23 14:00,1.16926
2018/05/23 18:00,1.16958
2018/05/23 22:00,1.17061
2018/05/24 2:00,1.17083
2018/05/24 6:00,1.17376
2018/05/24 10:00,1.17259
2018/05/24 14:00,1.17312
2018/05/24 18:00,1.17185
2018/05/24 22:00,1.17172
2018/05/25 2:00,1.17086
2018/05/25 6:00,1.17264
2018/05/25 10:00,1.16758
2018/05/25 14:00,1.16605
2018/05/25 18:00,1.16504
2018/05/27 22:00,1.16969
2018/05/28 2:00,1.17237
2018/05/28 6:00,1.16773
2018/05/28 10:00,1.16085
2018/05/28 14:00,1.1628
2018/05/28 18:00,1.16233
2018/05/28 22:00,1.16263
2018/05/29 2:00,1.16284
2018/05/29 6:00,1.15421
2018/05/29 10:00,1.15754
2018/05/29 14:00,1.15454
2018/05/29 18:00,1.15387
2018/05/29 22:00,1.15334
2018/05/30 2:00,1.154
2018/05/30 6:00,1.16108
2018/05/30 10:00,1.16247
2018/05/30 14:00,1.1663
2018/05/30 18:00,1.16616
2018/05/30 22:00,1.1662
2018/05/31 2:00,1.16643
2018/05/31 6:00,1.17188
2018/05/31 10:00,1.16719
2018/05/31 14:00,1.16698
2018/05/31 18:00,1.1691
2018/05/31 22:00,1.16931
2018/06/01 2:00,1.16773
2018/06/01 6:00,1.16812
2018/06/01 10:00,1.16575
2018/06/01 14:00,1.16647
2018/06/01 18:00,1.16597
2018/06/03 22:00,1.1675
2018/06/04 2:00,1.16909
2018/06/04 6:00,1.17089
2018/06/04 10:00,1.17149
2018/06/04 14:00,1.16847
2018/06/04 18:00,1.16974
2018/06/04 22:00,1.16929
2018/06/05 2:00,1.1686
2018/06/05 6:00,1.17041
2018/06/05 10:00,1.16656
2018/06/05 14:00,1.17144
2018/06/05 18:00,1.17165
2018/06/05 22:00,1.17239
2018/06/06 2:00,1.17147
2018/06/06 6:00,1.17416
2018/06/06 10:00,1.17651
2018/06/06 14:00,1.1776
2018/06/06 18:00,1.17727
2018/06/06 22:00,1.1791
2018/06/07 2:00,1.1793
2018/06/07 6:00,1.18208
2018/06/07 10:00,1.18331
2018/06/07 14:00,1.18074
2018/06/07 18:00,1.17983
2018/06/07 22:00,1.18051
2018/06/08 2:00,1.18051
2018/06/08 6:00,1.17634
2018/06/08 10:00,1.17472
2018/06/08 14:00,1.17722
2018/06/08 18:00,1.17698
2018/06/10 22:00,1.17974
2018/06/11 2:00,1.17978
2018/06/11 6:00,1.17833
2018/06/11 10:00,1.17975
2018/06/11 14:00,1.17876
2018/06/11 18:00,1.17828
2018/06/11 22:00,1.17521
2018/06/12 2:00,1.17681
2018/06/12 6:00,1.17928
2018/06/12 10:00,1.17997
2018/06/12 14:00,1.17729
2018/06/12 18:00,1.17439
2018/06/12 22:00,1.17451
2018/06/13 2:00,1.17431
2018/06/13 6:00,1.17431
2018/06/13 10:00,1.17736
2018/06/13 14:00,1.17899
2018/06/13 18:00,1.17904
2018/06/13 22:00,1.17947
2018/06/14 2:00,1.18033
2018/06/14 6:00,1.18247
2018/06/14 10:00,1.16876
2018/06/14 14:00,1.16328
2018/06/14 18:00,1.15672
2018/06/14 22:00,1.15585
2018/06/15 2:00,1.15696
2018/06/15 6:00,1.15915
2018/06/15 10:00,1.16024
2018/06/15 14:00,1.16044
2018/06/15 18:00,1.16055
2018/06/17 22:00,1.1577
2018/06/18 2:00,1.15903
2018/06/18 6:00,1.15892
2018/06/18 10:00,1.16046
2018/06/18 14:00,1.16039
2018/06/18 18:00,1.16217
2018/06/18 22:00,1.16335
2018/06/19 2:00,1.16267
2018/06/19 6:00,1.15532
2018/06/19 10:00,1.15537
2018/06/19 14:00,1.15693
2018/06/19 18:00,1.15875
2018/06/19 22:00,1.15753
2018/06/20 2:00,1.15695
2018/06/20 6:00,1.15567
2018/06/20 10:00,1.15932
2018/06/20 14:00,1.15883
2018/06/20 18:00,1.15701
2018/06/20 22:00,1.15759
2018/06/21 2:00,1.15614
2018/06/21 6:00,1.15185
2018/06/21 10:00,1.15884
2018/06/21 14:00,1.16064
2018/06/21 18:00,1.16025
2018/06/21 22:00,1.16109
2018/06/22 2:00,1.16131
2018/06/22 6:00,1.16684
2018/06/22 10:00,1.1653
2018/06/22 14:00,1.1647
2018/06/22 18:00,1.1656
2018/06/24 22:00,1.16559
2018/06/25 2:00,1.16515
2018/06/25 6:00,1.16582
2018/06/25 10:00,1.16812
2018/06/25 14:00,1.16909
2018/06/25 18:00,1.17025
2018/06/25 22:00,1.17034
2018/06/26 2:00,1.1714
2018/06/26 6:00,1.16727
2018/06/26 10:00,1.16703
2018/06/26 14:00,1.16573
2018/06/26 18:00,1.16462
2018/06/26 22:00,1.16536
2018/06/27 2:00,1.16536
2018/06/27 6:00,1.16271
2018/06/27 10:00,1.15962
2018/06/27 14:00,1.1582
2018/06/27 18:00,1.15527
2018/06/27 22:00,1.15644
2018/06/28 2:00,1.15616
2018/06/28 6:00,1.15544
2018/06/28 10:00,1.15639
2018/06/28 14:00,1.15827
2018/06/28 18:00,1.15676
2018/06/28 22:00,1.15687
2018/06/29 2:00,1.16538
2018/06/29 6:00,1.16486
2018/06/29 10:00,1.16437
2018/06/29 14:00,1.16761
2018/06/29 18:00,1.16816
2018/07/01 22:00,1.16639
2018/07/02 2:00,1.1649
2018/07/02 6:00,1.1643
2018/07/02 10:00,1.1617
2018/07/02 14:00,1.15991
2018/07/02 18:00,1.16381
2018/07/02 22:00,1.1634
2018/07/03 2:00,1.16315
2018/07/03 6:00,1.16586
2018/07/03 10:00,1.1652
2018/07/03 14:00,1.1649
2018/07/03 18:00,1.16559
2018/07/03 22:00,1.16698
2018/07/04 2:00,1.16621
2018/07/04 6:00,1.16436
2018/07/04 10:00,1.16414
2018/07/04 14:00,1.16657
2018/07/04 18:00,1.16549
2018/07/04 22:00,1.16561
2018/07/05 2:00,1.16563
2018/07/05 6:00,1.16924
2018/07/05 10:00,1.17135
2018/07/05 14:00,1.1697
2018/07/05 18:00,1.16895
2018/07/05 22:00,1.16918
2018/07/06 2:00,1.16848
2018/07/06 6:00,1.17126
2018/07/06 10:00,1.17427
2018/07/06 14:00,1.17447
2018/07/06 18:00,1.17405
2018/07/08 22:00,1.17549
2018/07/09 2:00,1.17606
2018/07/09 6:00,1.17714
2018/07/09 10:00,1.17767
2018/07/09 14:00,1.17457
2018/07/09 18:00,1.17495
2018/07/09 22:00,1.17587
2018/07/10 2:00,1.17402
2018/07/10 6:00,1.17257
2018/07/10 10:00,1.17156
2018/07/10 14:00,1.17323
2018/07/10 18:00,1.17433
2018/07/10 22:00,1.17259
2018/07/11 2:00,1.17263
2018/07/11 6:00,1.17078
2018/07/11 10:00,1.17511
2018/07/11 14:00,1.16987
2018/07/11 18:00,1.16719
2018/07/11 22:00,1.1672
2018/07/12 2:00,1.16817
2018/07/12 6:00,1.16737
2018/07/12 10:00,1.16708
2018/07/12 14:00,1.16815
2018/07/12 18:00,1.167
2018/07/12 22:00,1.16661
2018/07/13 2:00,1.16563
2018/07/13 6:00,1.16263
2018/07/13 10:00,1.1644
2018/07/13 14:00,1.16728
2018/07/13 18:00,1.16849
2018/07/15 22:00,1.16832
2018/07/16 2:00,1.16854
2018/07/16 6:00,1.16958
2018/07/16 10:00,1.17095
2018/07/16 14:00,1.1705
2018/07/16 18:00,1.17099
2018/07/16 22:00,1.17066
2018/07/17 2:00,1.17176
2018/07/17 6:00,1.17407
2018/07/17 10:00,1.16966
2018/07/17 14:00,1.1653
2018/07/17 18:00,1.16599
2018/07/17 22:00,1.16572
2018/07/18 2:00,1.16407
2018/07/18 6:00,1.16211
2018/07/18 10:00,1.16222
2018/07/18 14:00,1.16519
2018/07/18 18:00,1.16373
2018/07/18 22:00,1.16525
2018/07/19 2:00,1.16469
2018/07/19 6:00,1.1612
2018/07/19 10:00,1.15855
2018/07/19 14:00,1.16066
2018/07/19 18:00,1.16412
2018/07/19 22:00,1.16536
2018/07/20 2:00,1.16633
2018/07/20 6:00,1.16403
2018/07/20 10:00,1.17119
2018/07/20 14:00,1.17086
2018/07/20 18:00,1.17199
2018/07/22 22:00,1.17432
2018/07/23 2:00,1.17325
2018/07/23 6:00,1.17054
2018/07/23 10:00,1.17171
2018/07/23 14:00,1.16987
2018/07/23 18:00,1.16908
2018/07/23 22:00,1.16917
2018/07/24 2:00,1.16759
2018/07/24 6:00,1.16837
2018/07/24 10:00,1.16933
2018/07/24 14:00,1.16811
2018/07/24 18:00,1.16849
2018/07/24 22:00,1.16875
2018/07/25 2:00,1.16775
2018/07/25 6:00,1.16955
2018/07/25 10:00,1.16985
2018/07/25 14:00,1.16778
2018/07/25 18:00,1.17275
2018/07/25 22:00,1.17342
2018/07/26 2:00,1.17307
2018/07/26 6:00,1.17127
2018/07/26 10:00,1.16936
2018/07/26 14:00,1.16623
2018/07/26 18:00,1.16416
2018/07/26 22:00,1.16409
2018/07/27 2:00,1.16467
2018/07/27 6:00,1.16255
2018/07/27 10:00,1.1638
2018/07/27 14:00,1.16573
2018/07/27 18:00,1.16556
2018/07/29 22:00,1.16593
2018/07/30 2:00,1.16543
2018/07/30 6:00,1.16759
2018/07/30 10:00,1.16944
2018/07/30 14:00,1.1715
2018/07/30 18:00,1.17044
2018/07/30 22:00,1.17086
2018/07/31 2:00,1.17154
2018/07/31 6:00,1.1725
2018/07/31 10:00,1.17268
2018/07/31 14:00,1.17043
2018/07/31 18:00,1.169
2018/07/31 22:00,1.16894
2018/08/01 2:00,1.16769
2018/08/01 6:00,1.1681
2018/08/01 10:00,1.16894
2018/08/01 14:00,1.1667
2018/08/01 18:00,1.16587
2018/08/01 22:00,1.1661
2018/08/02 2:00,1.16465
2018/08/02 6:00,1.16194
2018/08/02 10:00,1.16256
2018/08/02 14:00,1.16084
2018/08/02 18:00,1.15833
2018/08/02 22:00,1.15872
2018/08/03 2:00,1.1591
2018/08/03 6:00,1.15785
2018/08/03 10:00,1.15943
2018/08/03 14:00,1.15941
2018/08/03 18:00,1.1565
2018/08/05 22:00,1.15612
2018/08/06 2:00,1.15565
2018/08/06 6:00,1.1557
2018/08/06 10:00,1.15417
2018/08/06 14:00,1.15612
2018/08/06 18:00,1.15525
2018/08/06 22:00,1.15603
2018/08/07 2:00,1.15569
2018/08/07 6:00,1.15867
2018/08/07 10:00,1.16029
2018/08/07 14:00,1.15925
2018/08/07 18:00,1.15972
2018/08/07 22:00,1.16002
2018/08/08 2:00,1.16229
2018/08/08 6:00,1.15879
2018/08/08 10:00,1.15809
2018/08/08 14:00,1.15941
2018/08/08 18:00,1.16089
2018/08/08 22:00,1.16067
2018/08/09 2:00,1.16054
2018/08/09 6:00,1.15922
2018/08/09 10:00,1.15984
2018/08/09 14:00,1.15565
2018/08/09 18:00,1.15255
2018/08/09 22:00,1.15336
2018/08/10 2:00,1.1516
2018/08/10 6:00,1.14561
2018/08/10 10:00,1.14429
2018/08/10 14:00,1.14014
2018/08/10 18:00,1.14073
2018/08/12 22:00,1.13774
2018/08/13 2:00,1.13659
2018/08/13 6:00,1.13823
2018/08/13 10:00,1.1416
2018/08/13 14:00,1.1393
2018/08/13 18:00,1.14088
2018/08/13 22:00,1.14024
2018/08/14 2:00,1.14009
2018/08/14 6:00,1.13845
2018/08/14 10:00,1.13894
2018/08/14 14:00,1.13409
2018/08/14 18:00,1.13429
2018/08/14 22:00,1.13365
2018/08/15 2:00,1.1325
2018/08/15 6:00,1.13246
2018/08/15 10:00,1.1315
2018/08/15 14:00,1.13427
2018/08/15 18:00,1.13437
2018/08/15 22:00,1.13434
2018/08/16 2:00,1.13822
2018/08/16 6:00,1.13817
2018/08/16 10:00,1.13644
2018/08/16 14:00,1.13636
2018/08/16 18:00,1.13753
2018/08/16 22:00,1.13718
2018/08/17 2:00,1.13778
2018/08/17 6:00,1.13957
2018/08/17 10:00,1.14053
2018/08/17 14:00,1.14087
2018/08/17 18:00,1.14405
2018/08/19 22:00,1.14321
2018/08/20 2:00,1.14255
2018/08/20 6:00,1.14059
2018/08/20 10:00,1.14227
2018/08/20 14:00,1.1458
2018/08/20 18:00,1.14801
2018/08/20 22:00,1.15215
2018/08/21 2:00,1.15303
2018/08/21 6:00,1.1533
2018/08/21 10:00,1.15034
2018/08/21 14:00,1.15586
2018/08/21 18:00,1.15693
2018/08/21 22:00,1.15765
2018/08/22 2:00,1.1575
2018/08/22 6:00,1.15727
2018/08/22 10:00,1.16169
2018/08/22 14:00,1.15894
2018/08/22 18:00,1.15951
2018/08/22 22:00,1.15658
2018/08/23 2:00,1.15555
2018/08/23 6:00,1.1563
2018/08/23 10:00,1.15735
2018/08/23 14:00,1.15547
2018/08/23 18:00,1.15373
2018/08/23 22:00,1.15469
2018/08/24 2:00,1.15622
2018/08/24 6:00,1.15624
2018/08/24 10:00,1.15923
2018/08/24 14:00,1.16233
2018/08/24 18:00,1.16206
2018/08/26 22:00,1.16358
2018/08/27 2:00,1.16177
2018/08/27 6:00,1.16092
2018/08/27 10:00,1.16372
2018/08/27 14:00,1.16874
2018/08/27 18:00,1.1677
2018/08/27 22:00,1.16908
2018/08/28 2:00,1.16731
2018/08/28 6:00,1.16913
2018/08/28 10:00,1.1715
2018/08/28 14:00,1.17168
2018/08/28 18:00,1.16932
2018/08/28 22:00,1.16852
2018/08/29 2:00,1.16948
2018/08/29 6:00,1.16657
2018/08/29 10:00,1.16638
2018/08/29 14:00,1.17044
2018/08/29 18:00,1.17056
2018/08/29 22:00,1.17051
2018/08/30 2:00,1.16986
2018/08/30 6:00,1.16862
2018/08/30 10:00,1.16767
2018/08/30 14:00,1.16564
2018/08/30 18:00,1.1669
2018/08/30 22:00,1.16641
2018/08/31 2:00,1.16689
2018/08/31 6:00,1.16683
2018/08/31 10:00,1.16387
2018/08/31 14:00,1.15942
2018/08/31 18:00,1.16069
2018/09/02 22:00,1.15957
2018/09/03 2:00,1.16054
2018/09/03 6:00,1.16108
2018/09/03 10:00,1.16061
2018/09/03 14:00,1.16157
2018/09/03 18:00,1.16173
2018/09/03 22:00,1.16028
2018/09/04 2:00,1.16034
2018/09/04 6:00,1.15646
2018/09/04 10:00,1.15606
2018/09/04 14:00,1.15791
2018/09/04 18:00,1.15797
2018/09/04 22:00,1.15845
2018/09/05 2:00,1.15938
2018/09/05 6:00,1.15677
2018/09/05 10:00,1.15841
2018/09/05 14:00,1.16204
2018/09/05 18:00,1.16282
2018/09/05 22:00,1.16442
2018/09/06 2:00,1.16331
2018/09/06 6:00,1.16347
2018/09/06 10:00,1.16409
2018/09/06 14:00,1.16238
2018/09/06 18:00,1.16219
2018/09/06 22:00,1.16174
2018/09/07 2:00,1.16282
2018/09/07 6:00,1.16434
2018/09/07 10:00,1.15659
2018/09/07 14:00,1.15605
2018/09/07 18:00,1.15528
2018/09/09 22:00,1.15634
2018/09/10 2:00,1.15464
2018/09/10 6:00,1.15701
2018/09/10 10:00,1.16021
2018/09/10 14:00,1.16007
2018/09/10 18:00,1.15923
2018/09/10 22:00,1.15885
2018/09/11 2:00,1.16002
2018/09/11 6:00,1.16139
2018/09/11 10:00,1.15772
2018/09/11 14:00,1.15872
2018/09/11 18:00,1.16038
2018/09/11 22:00,1.15967
2018/09/12 2:00,1.15863
2018/09/12 6:00,1.15896
2018/09/12 10:00,1.15913
2018/09/12 14:00,1.16285
2018/09/12 18:00,1.16245
2018/09/12 22:00,1.16345
2018/09/13 2:00,1.16222
2018/09/13 6:00,1.16139
2018/09/13 10:00,1.16779
2018/09/13 14:00,1.16776
2018/09/13 18:00,1.1689
2018/09/13 22:00,1.169
2018/09/14 2:00,1.1696
2018/09/14 6:00,1.17051
2018/09/14 10:00,1.16666
2018/09/14 14:00,1.16375
2018/09/14 18:00,1.16206
2018/09/16 22:00,1.1629
2018/09/17 2:00,1.16357
2018/09/17 6:00,1.16526
2018/09/17 10:00,1.16838
2018/09/17 14:00,1.16953
2018/09/17 18:00,1.16822
2018/09/17 22:00,1.16732
2018/09/18 2:00,1.169
2018/09/18 6:00,1.16864
2018/09/18 10:00,1.17059
2018/09/18 14:00,1.16587
2018/09/18 18:00,1.16643
2018/09/18 22:00,1.16666
2018/09/19 2:00,1.16743
2018/09/19 6:00,1.17017
2018/09/19 10:00,1.16742
2018/09/19 14:00,1.16823
2018/09/19 18:00,1.16713
2018/09/19 22:00,1.16801
2018/09/20 2:00,1.16777
2018/09/20 6:00,1.16909
2018/09/20 10:00,1.17695
2018/09/20 14:00,1.17573
2018/09/20 18:00,1.17758
2018/09/20 22:00,1.17827
2018/09/21 2:00,1.17779
2018/09/21 6:00,1.17925
2018/09/21 10:00,1.17567
2018/09/21 14:00,1.17419
2018/09/21 18:00,1.17515
2018/09/23 22:00,1.17463
2018/09/24 2:00,1.17429
2018/09/24 6:00,1.1767
2018/09/24 10:00,1.1751
2018/09/24 14:00,1.17646
2018/09/24 18:00,1.17463
2018/09/24 22:00,1.17515
2018/09/25 2:00,1.17402
2018/09/25 6:00,1.17597
2018/09/25 10:00,1.17785
2018/09/25 14:00,1.17717
2018/09/25 18:00,1.17653
2018/09/25 22:00,1.17567
2018/09/26 2:00,1.17626
2018/09/26 6:00,1.17664
2018/09/26 10:00,1.17398
2018/09/26 14:00,1.1751
2018/09/26 18:00,1.17372
2018/09/26 22:00,1.17531
2018/09/27 2:00,1.17483
2018/09/27 6:00,1.17107
2018/09/27 10:00,1.16739
2018/09/27 14:00,1.16725
2018/09/27 18:00,1.164
2018/09/27 22:00,1.16419
2018/09/28 2:00,1.16452
2018/09/28 6:00,1.16132
2018/09/28 10:00,1.1584
2018/09/28 14:00,1.16127
2018/09/28 18:00,1.16021
2018/09/30 22:00,1.16062
2018/10/01 2:00,1.15946
2018/10/01 6:00,1.16065
2018/10/01 10:00,1.16092
2018/10/01 14:00,1.15677
2018/10/01 18:00,1.15771
2018/10/01 22:00,1.15749
2018/10/02 2:00,1.15687
2018/10/02 6:00,1.15139
2018/10/02 10:00,1.15377
2018/10/02 14:00,1.15498
2018/10/02 18:00,1.15453
2018/10/02 22:00,1.15438
2018/10/03 2:00,1.15769
2018/10/03 6:00,1.15742
2018/10/03 10:00,1.15286
2018/10/03 14:00,1.1514
2018/10/03 18:00,1.14759
2018/10/03 22:00,1.14761
2018/10/04 2:00,1.14691
2018/10/04 6:00,1.14857
2018/10/04 10:00,1.15077
2018/10/04 14:00,1.15034
2018/10/04 18:00,1.15127
2018/10/04 22:00,1.15123
2018/10/05 2:00,1.15082
2018/10/05 6:00,1.14914
2018/10/05 10:00,1.15317
2018/10/05 14:00,1.15126
2018/10/05 18:00,1.15185
2018/10/07 22:00,1.152
2018/10/08 2:00,1.15107
2018/10/08 6:00,1.14732
2018/10/08 10:00,1.14628
2018/10/08 14:00,1.1479
2018/10/08 18:00,1.14899
2018/10/08 22:00,1.14881
2018/10/09 2:00,1.14975
2018/10/09 6:00,1.14772
2018/10/09 10:00,1.14487
2018/10/09 14:00,1.14795
2018/10/09 18:00,1.14892
2018/10/09 22:00,1.15077
2018/10/10 2:00,1.15057
2018/10/10 6:00,1.14856
2018/10/10 10:00,1.15016
2018/10/10 14:00,1.1538
2018/10/10 18:00,1.15175
2018/10/10 22:00,1.15359
2018/10/11 2:00,1.15611
2018/10/11 6:00,1.1545
2018/10/11 10:00,1.15734
2018/10/11 14:00,1.1574
2018/10/11 18:00,1.15923
2018/10/11 22:00,1.15971
2018/10/12 2:00,1.1605
2018/10/12 6:00,1.1586
2018/10/12 10:00,1.15569
2018/10/12 14:00,1.15618
2018/10/12 18:00,1.15573
2018/10/14 22:00,1.15487
2018/10/15 2:00,1.15488
2018/10/15 6:00,1.15719
2018/10/15 10:00,1.16046
2018/10/15 14:00,1.15836
2018/10/15 18:00,1.15777
2018/10/15 22:00,1.15894
2018/10/16 2:00,1.15719
2018/10/16 6:00,1.15868
2018/10/16 10:00,1.15872
2018/10/16 14:00,1.15826
2018/10/16 18:00,1.15726
2018/10/16 22:00,1.15765
2018/10/17 2:00,1.15576
2018/10/17 6:00,1.15646
2018/10/17 10:00,1.15346
2018/10/17 14:00,1.15268
2018/10/17 18:00,1.14992
2018/10/17 22:00,1.15009
2018/10/18 2:00,1.14992
2018/10/18 6:00,1.1517
2018/10/18 10:00,1.15007
2018/10/18 14:00,1.14709
2018/10/18 18:00,1.14515
2018/10/18 22:00,1.14573
2018/10/19 2:00,1.14582
2018/10/19 6:00,1.14486
2018/10/19 10:00,1.14639
2018/10/19 14:00,1.15187
2018/10/19 18:00,1.15142
2018/10/21 22:00,1.15024
2018/10/22 2:00,1.15104
2018/10/22 6:00,1.15147
2018/10/22 10:00,1.14847
2018/10/22 14:00,1.14681
2018/10/22 18:00,1.1463
2018/10/22 22:00,1.146
2018/10/23 2:00,1.14547
2018/10/23 6:00,1.1466
2018/10/23 10:00,1.14651
2018/10/23 14:00,1.14813
2018/10/23 18:00,1.1469
2018/10/23 22:00,1.14677
2018/10/24 2:00,1.14676
2018/10/24 6:00,1.14152
2018/10/24 10:00,1.1404
2018/10/24 14:00,1.13927
2018/10/24 18:00,1.13905
2018/10/24 22:00,1.14059
2018/10/25 2:00,1.14117
2018/10/25 6:00,1.14089
2018/10/25 10:00,1.14292
2018/10/25 14:00,1.13715
2018/10/25 18:00,1.13737
2018/10/25 22:00,1.13671
2018/10/26 2:00,1.13677
2018/10/26 6:00,1.13785
2018/10/26 10:00,1.1344
2018/10/26 14:00,1.13952
2018/10/26 18:00,1.14007
2018/10/28 22:00,1.13906
2018/10/29 2:00,1.13952
2018/10/29 6:00,1.13788
2018/10/29 10:00,1.13697
2018/10/29 14:00,1.13872
2018/10/29 18:00,1.13714
2018/10/29 22:00,1.13747
2018/10/30 2:00,1.13775
2018/10/30 6:00,1.13648
2018/10/30 10:00,1.13738
2018/10/30 14:00,1.13477
2018/10/30 18:00,1.13426
2018/10/30 22:00,1.13443
2018/10/31 2:00,1.13414
2018/10/31 6:00,1.13366
2018/10/31 10:00,1.13189
2018/10/31 14:00,1.13053
2018/10/31 18:00,1.1313
2018/10/31 22:00,1.13354
2018/11/01 2:00,1.13413
2018/11/01 6:00,1.13794
2018/11/01 10:00,1.13924
2018/11/01 14:00,1.14099
2018/11/01 18:00,1.14022
2018/11/01 22:00,1.13925
2018/11/02 2:00,1.14237
2018/11/02 6:00,1.14374
2018/11/02 10:00,1.14168
2018/11/02 14:00,1.13823
2018/11/02 18:00,1.13873
2018/11/04 22:00,1.13884
2018/11/05 2:00,1.13892
2018/11/05 6:00,1.13807
2018/11/05 10:00,1.13775
2018/11/05 14:00,1.13943
2018/11/05 18:00,1.14059
2018/11/05 22:00,1.14063
2018/11/06 2:00,1.14046
2018/11/06 6:00,1.14054
2018/11/06 10:00,1.14266
2018/11/06 14:00,1.14109
2018/11/06 18:00,1.14253
2018/11/06 22:00,1.14192
2018/11/07 2:00,1.14511
2018/11/07 6:00,1.14907
2018/11/07 10:00,1.14785
2018/11/07 14:00,1.14632
2018/11/07 18:00,1.14248
2018/11/07 22:00,1.1432
2018/11/08 2:00,1.14331
2018/11/08 6:00,1.14222
2018/11/08 10:00,1.14257
2018/11/08 14:00,1.13918
2018/11/08 18:00,1.13622
2018/11/08 22:00,1.13582
2018/11/09 2:00,1.13484
2018/11/09 6:00,1.1337
2018/11/09 10:00,1.13506
2018/11/09 14:00,1.13315
2018/11/09 18:00,1.1334
2018/11/11 22:00,1.13241
2018/11/12 2:00,1.13091
2018/11/12 6:00,1.12559
2018/11/12 10:00,1.12716
2018/11/12 14:00,1.1244
2018/11/12 18:00,1.12167
2018/11/12 22:00,1.12351
2018/11/13 2:00,1.12389
2018/11/13 6:00,1.12338
2018/11/13 10:00,1.12668
2018/11/13 14:00,1.12781
2018/11/13 18:00,1.12891
2018/11/13 22:00,1.13063
2018/11/14 2:00,1.12895
2018/11/14 6:00,1.12693
2018/11/14 10:00,1.12839
2018/11/14 14:00,1.12927
2018/11/14 18:00,1.13073
2018/11/14 22:00,1.13145
2018/11/15 2:00,1.13319
2018/11/15 6:00,1.12848
2018/11/15 10:00,1.12893
2018/11/15 14:00,1.13145
2018/11/15 18:00,1.13248
2018/11/15 22:00,1.13387
2018/11/16 2:00,1.13413
2018/11/16 6:00,1.13395
2018/11/16 10:00,1.13882
2018/11/16 14:00,1.14114
2018/11/16 18:00,1.14158
2018/11/18 22:00,1.14107
2018/11/19 2:00,1.13964
2018/11/19 6:00,1.14267
2018/11/19 10:00,1.14277
2018/11/19 14:00,1.14569
2018/11/19 18:00,1.14517
2018/11/19 22:00,1.14461
2018/11/20 2:00,1.14477
2018/11/20 6:00,1.1427
2018/11/20 10:00,1.14064
2018/11/20 14:00,1.1375
2018/11/20 18:00,1.13688
2018/11/20 22:00,1.13687
2018/11/21 2:00,1.13795
2018/11/21 6:00,1.13836
2018/11/21 10:00,1.14112
2018/11/21 14:00,1.13952
2018/11/21 18:00,1.13832
2018/11/21 22:00,1.13898
2018/11/22 2:00,1.13964
2018/11/22 6:00,1.14026
2018/11/22 10:00,1.14025
2018/11/22 14:00,1.1407
2018/11/22 18:00,1.13994
2018/11/22 22:00,1.14063
2018/11/23 2:00,1.14138
2018/11/23 6:00,1.13736
2018/11/23 10:00,1.13499
2018/11/23 14:00,1.13341
2018/11/23 18:00,1.13328
2018/11/25 22:00,1.13298
2018/11/26 2:00,1.1347
2018/11/26 6:00,1.13736
2018/11/26 10:00,1.13645
2018/11/26 14:00,1.13382
2018/11/26 18:00,1.13267
2018/11/26 22:00,1.13284
2018/11/27 2:00,1.13419
2018/11/27 6:00,1.13091
2018/11/27 10:00,1.13195
2018/11/27 14:00,1.12845
2018/11/27 18:00,1.12842
2018/11/27 22:00,1.12872
2018/11/28 2:00,1.12937
2018/11/28 6:00,1.128
2018/11/28 10:00,1.12868
2018/11/28 14:00,1.13434
2018/11/28 18:00,1.13652
2018/11/28 22:00,1.13692
2018/11/29 2:00,1.13857
2018/11/29 6:00,1.13699
2018/11/29 10:00,1.1371
2018/11/29 14:00,1.1372
2018/11/29 18:00,1.13917
2018/11/29 22:00,1.13899
2018/11/30 2:00,1.1391
2018/11/30 6:00,1.13698
2018/11/30 10:00,1.13563
2018/11/30 14:00,1.13142
2018/11/30 18:00,1.13143
2018/12/02 22:00,1.1338
2018/12/03 2:00,1.13654
2018/12/03 6:00,1.13649
2018/12/03 10:00,1.13237
2018/12/03 14:00,1.13528
2018/12/03 18:00,1.1352
2018/12/03 22:00,1.13654
2018/12/04 2:00,1.13738
2018/12/04 6:00,1.141
2018/12/04 10:00,1.13888
2018/12/04 14:00,1.13417
2018/12/04 18:00,1.13412
2018/12/04 22:00,1.13354
2018/12/05 2:00,1.13185
2018/12/05 6:00,1.13367
2018/12/05 10:00,1.13551
2018/12/05 14:00,1.13492
2018/12/05 18:00,1.13435
2018/12/05 22:00,1.1347
2018/12/06 2:00,1.1345
2018/12/06 6:00,1.13399
2018/12/06 10:00,1.13588
2018/12/06 14:00,1.13857
2018/12/06 18:00,1.13712
2018/12/06 22:00,1.13751
2018/12/07 2:00,1.1366
2018/12/07 6:00,1.13653
2018/12/07 10:00,1.1388
2018/12/07 14:00,1.13937
2018/12/07 18:00,1.14008
2018/12/09 22:00,1.14362
2018/12/10 2:00,1.14349
2018/12/10 6:00,1.14116
2018/12/10 10:00,1.14103
2018/12/10 14:00,1.13594
2018/12/10 18:00,1.13544
2018/12/10 22:00,1.13619
2018/12/11 2:00,1.137
2018/12/11 6:00,1.1381
2018/12/11 10:00,1.1369
2018/12/11 14:00,1.13185
2018/12/11 18:00,1.13154
2018/12/11 22:00,1.133
2018/12/12 2:00,1.1332
2018/12/12 6:00,1.13328
2018/12/12 10:00,1.13588
2018/12/12 14:00,1.13759
2018/12/12 18:00,1.13673
2018/12/12 22:00,1.13674
2018/12/13 2:00,1.13652
2018/12/13 6:00,1.13769
2018/12/13 10:00,1.1344
2018/12/13 14:00,1.13562
2018/12/13 18:00,1.13552
2018/12/13 22:00,1.13624
2018/12/14 2:00,1.13598
2018/12/14 6:00,1.12922
2018/12/14 10:00,1.1273
2018/12/14 14:00,1.13002
2018/12/14 18:00,1.12994
2018/12/16 22:00,1.13061
2018/12/17 2:00,1.13072
2018/12/17 6:00,1.13286
2018/12/17 10:00,1.13496
2018/12/17 14:00,1.13503
2018/12/17 18:00,1.13464
2018/12/17 22:00,1.1358
2018/12/18 2:00,1.13444
2018/12/18 6:00,1.13755
2018/12/18 10:00,1.13783
2018/12/18 14:00,1.13594
2018/12/18 18:00,1.13587
2018/12/18 22:00,1.13803
2018/12/19 2:00,1.1387
2018/12/19 6:00,1.13883
2018/12/19 10:00,1.14007
2018/12/19 14:00,1.14244
2018/12/19 18:00,1.13744
2018/12/19 22:00,1.13811
2018/12/20 2:00,1.13883
2018/12/20 6:00,1.14773
2018/12/20 10:00,1.14451
2018/12/20 14:00,1.14578
2018/12/20 18:00,1.14444
2018/12/20 22:00,1.14512
2018/12/21 2:00,1.14459
2018/12/21 6:00,1.14271
2018/12/21 10:00,1.141
2018/12/21 14:00,1.13849
2018/12/21 18:00,1.13644
2018/12/23 22:00,1.13796
2018/12/24 2:00,1.139
2018/12/24 6:00,1.13942
2018/12/24 10:00,1.14135
2018/12/24 14:00,1.14085
2018/12/24 18:00,1.14159
2018/12/26 2:00,1.14019
2018/12/26 6:00,1.13836
2018/12/26 10:00,1.13883
2018/12/26 14:00,1.13552
2018/12/26 18:00,1.13508
2018/12/26 22:00,1.13731
2018/12/27 2:00,1.13822
2018/12/27 6:00,1.13935
2018/12/27 10:00,1.1397
2018/12/27 14:00,1.14352
2018/12/27 18:00,1.14283
2018/12/27 22:00,1.14476
2018/12/28 2:00,1.14539
2018/12/28 6:00,1.14421
2018/12/28 10:00,1.146
2018/12/28 14:00,1.14397
2018/12/28 18:00,1.1439
2018/12/30 22:00,1.1438
2018/12/31 2:00,1.14281
2018/12/31 6:00,1.14357
2018/12/31 10:00,1.14454
2018/12/31 14:00,1.14508
2018/12/31 18:00,1.14446
2019/01/02 2:00,1.14773
2019/01/02 6:00,1.14334
2019/01/02 10:00,1.1371
2019/01/02 14:00,1.13345
2019/01/02 18:00,1.13424
2019/01/02 22:00,1.13478
2019/01/03 2:00,1.13602
2019/01/03 6:00,1.13751
2019/01/03 10:00,1.13648
2019/01/03 14:00,1.1398
2019/01/03 18:00,1.13917
2019/01/03 22:00,1.14033
2019/01/04 2:00,1.13892
2019/01/04 6:00,1.14026
2019/01/04 10:00,1.13707
2019/01/04 14:00,1.14047
2019/01/04 18:00,1.13946
2019/01/06 22:00,1.14204
2019/01/07 2:00,1.14226
2019/01/07 6:00,1.14405
2019/01/07 10:00,1.14569
2019/01/07 14:00,1.14682
2019/01/07 18:00,1.14732
2019/01/07 22:00,1.14475
2019/01/08 2:00,1.1443
2019/01/08 6:00,1.14512
2019/01/08 10:00,1.14267
2019/01/08 14:00,1.14536
2019/01/08 18:00,1.14398
2019/01/08 22:00,1.14568
2019/01/09 2:00,1.146
2019/01/09 6:00,1.14598
2019/01/09 10:00,1.14615
2019/01/09 14:00,1.15318
2019/01/09 18:00,1.15408
2019/01/09 22:00,1.15531
2019/01/10 2:00,1.15598
2019/01/10 6:00,1.15235
2019/01/10 10:00,1.15196
2019/01/10 14:00,1.15051
2019/01/10 18:00,1.14987
2019/01/10 22:00,1.15172
2019/01/11 2:00,1.15246
2019/01/11 6:00,1.15193
2019/01/11 10:00,1.15258
2019/01/11 14:00,1.14817
2019/01/11 18:00,1.14636
2019/01/13 22:00,1.14752
2019/01/14 2:00,1.14777
2019/01/14 6:00,1.14616
2019/01/14 10:00,1.14588
2019/01/14 14:00,1.14762
2019/01/14 18:00,1.14671
2019/01/14 22:00,1.14841
2019/01/15 2:00,1.14824
2019/01/15 6:00,1.14329
2019/01/15 10:00,1.14378
2019/01/15 14:00,1.1389
2019/01/15 18:00,1.14114
2019/01/15 22:00,1.13975
2019/01/16 2:00,1.1411
2019/01/16 6:00,1.14099
2019/01/16 10:00,1.13894
2019/01/16 14:00,1.13988
2019/01/16 18:00,1.13905
2019/01/16 22:00,1.13934
2019/01/17 2:00,1.1387
2019/01/17 6:00,1.13929
2019/01/17 10:00,1.13972
2019/01/17 14:00,1.13856
2019/01/17 18:00,1.13872
2019/01/17 22:00,1.13944
2019/01/18 2:00,1.13885
2019/01/18 6:00,1.13973
2019/01/18 10:00,1.13969
2019/01/18 14:00,1.13574
2019/01/18 18:00,1.1363
2019/01/20 22:00,1.13756
2019/01/21 2:00,1.13771
2019/01/21 6:00,1.13705
2019/01/21 10:00,1.13604
2019/01/21 14:00,1.13672
2019/01/21 18:00,1.1365
2019/01/21 22:00,1.13691
2019/01/22 2:00,1.13567
2019/01/22 6:00,1.13601
2019/01/22 10:00,1.13448
2019/01/22 14:00,1.13684
2019/01/22 18:00,1.13587
2019/01/22 22:00,1.13646
2019/01/23 2:00,1.13675
2019/01/23 6:00,1.1355
2019/01/23 10:00,1.13537
2019/01/23 14:00,1.13917
2019/01/23 18:00,1.138
2019/01/23 22:00,1.13859
2019/01/24 2:00,1.13847
2019/01/24 6:00,1.13461
2019/01/24 10:00,1.13347
2019/01/24 14:00,1.12983
2019/01/24 18:00,1.13017
2019/01/24 22:00,1.13071
2019/01/25 2:00,1.13215
2019/01/25 6:00,1.13294
2019/01/25 10:00,1.13564
2019/01/25 14:00,1.14047
2019/01/25 18:00,1.14034
2019/01/27 22:00,1.14143
2019/01/28 2:00,1.1411
2019/01/28 6:00,1.14075
2019/01/28 10:00,1.14165
2019/01/28 14:00,1.14336
2019/01/28 18:00,1.14251
2019/01/28 22:00,1.14241
2019/01/29 2:00,1.14321
2019/01/29 6:00,1.14408
2019/01/29 10:00,1.14253
2019/01/29 14:00,1.1427
2019/01/29 18:00,1.14302
2019/01/29 22:00,1.14386
2019/01/30 2:00,1.14441
2019/01/30 6:00,1.14297
2019/01/30 10:00,1.14247
2019/01/30 14:00,1.14186
2019/01/30 18:00,1.14779
2019/01/30 22:00,1.14926
2019/01/31 2:00,1.15042
2019/01/31 6:00,1.14837
2019/01/31 10:00,1.14938
2019/01/31 14:00,1.14493
2019/01/31 18:00,1.14459
2019/01/31 22:00,1.14419
2019/02/01 2:00,1.14358
2019/02/01 6:00,1.14658
2019/02/01 10:00,1.1473
2019/02/01 14:00,1.1468
2019/02/01 18:00,1.1453
2019/02/03 22:00,1.14576
2019/02/04 2:00,1.14427
2019/02/04 6:00,1.14447
2019/02/04 10:00,1.14482
2019/02/04 14:00,1.14304
2019/02/04 18:00,1.14348
2019/02/04 22:00,1.14373
2019/02/05 2:00,1.14334
2019/02/05 6:00,1.14186
2019/02/05 10:00,1.1428
2019/02/05 14:00,1.14085
2019/02/05 18:00,1.14043
2019/02/05 22:00,1.14003
2019/02/06 2:00,1.13959
2019/02/06 6:00,1.13877
2019/02/06 10:00,1.13859
2019/02/06 14:00,1.13748
2019/02/06 18:00,1.13607
2019/02/06 22:00,1.13598
2019/02/07 2:00,1.13588
2019/02/07 6:00,1.13442
2019/02/07 10:00,1.13301
2019/02/07 14:00,1.13483
2019/02/07 18:00,1.13385
2019/02/07 22:00,1.13369
2019/02/08 2:00,1.13387
2019/02/08 6:00,1.13248
2019/02/08 10:00,1.13462
2019/02/08 14:00,1.13288
2019/02/08 18:00,1.13222
2019/02/10 22:00,1.13267
2019/02/11 2:00,1.13234
2019/02/11 6:00,1.13019
2019/02/11 10:00,1.13097
2019/02/11 14:00,1.12698
2019/02/11 18:00,1.12748
2019/02/11 22:00,1.12814
2019/02/12 2:00,1.12787
2019/02/12 6:00,1.12736
2019/02/12 10:00,1.12919
2019/02/12 14:00,1.1319
2019/02/12 18:00,1.13246
2019/02/12 22:00,1.13345
2019/02/13 2:00,1.13376
2019/02/13 6:00,1.13203
2019/02/13 10:00,1.12907
2019/02/13 14:00,1.12755
2019/02/13 18:00,1.12595
2019/02/13 22:00,1.12687
2019/02/14 2:00,1.12792
2019/02/14 6:00,1.12657
2019/02/14 10:00,1.13017
2019/02/14 14:00,1.1296
2019/02/14 18:00,1.12939
2019/02/14 22:00,1.12867
2019/02/15 2:00,1.12843
2019/02/15 6:00,1.12825
2019/02/15 10:00,1.12521
2019/02/15 14:00,1.12725
2019/02/15 18:00,1.12915
2019/02/17 22:00,1.13091
2019/02/18 2:00,1.13075
2019/02/18 6:00,1.13148
2019/02/18 10:00,1.13213
2019/02/18 14:00,1.13101
2019/02/18 18:00,1.13081
2019/02/18 22:00,1.13034
2019/02/19 2:00,1.12988
2019/02/19 6:00,1.13025
2019/02/19 10:00,1.12952
2019/02/19 14:00,1.13474
2019/02/19 18:00,1.13392
2019/02/19 22:00,1.13536
2019/02/20 2:00,1.13368
2019/02/20 6:00,1.13462
2019/02/20 10:00,1.1336
2019/02/20 14:00,1.13651
2019/02/20 18:00,1.13351
2019/02/20 22:00,1.13337
2019/02/21 2:00,1.13355
2019/02/21 6:00,1.13266
2019/02/21 10:00,1.13613
2019/02/21 14:00,1.13296
2019/02/21 18:00,1.13325
2019/02/21 22:00,1.13367
2019/02/22 2:00,1.13375
2019/02/22 6:00,1.13389
2019/02/22 10:00,1.13355
2019/02/22 14:00,1.13447
2019/02/22 18:00,1.13312
2019/02/24 22:00,1.13439
2019/02/25 2:00,1.1342
2019/02/25 6:00,1.13487
2019/02/25 10:00,1.13539
2019/02/25 14:00,1.1347
2019/02/25 18:00,1.1356
2019/02/25 22:00,1.13561
2019/02/26 2:00,1.13582
2019/02/26 6:00,1.13665
2019/02/26 10:00,1.13715
2019/02/26 14:00,1.13789
2019/02/26 18:00,1.1388
2019/02/26 22:00,1.13847
2019/02/27 2:00,1.13772
2019/02/27 6:00,1.13942
2019/02/27 10:00,1.1384
2019/02/27 14:00,1.13682
2019/02/27 18:00,1.13685
2019/02/27 22:00,1.13766
2019/02/28 2:00,1.1375
2019/02/28 6:00,1.13904
2019/02/28 10:00,1.13855
2019/02/28 14:00,1.13809
2019/02/28 18:00,1.13696
2019/02/28 22:00,1.13713
2019/03/01 2:00,1.13698
2019/03/01 6:00,1.13593
2019/03/01 10:00,1.1381
2019/03/01 14:00,1.13644
2019/03/01 18:00,1.1362
2019/03/03 22:00,1.1368
2019/03/04 2:00,1.13617
2019/03/04 6:00,1.13422
2019/03/04 10:00,1.13421
2019/03/04 14:00,1.13314
2019/03/04 18:00,1.13386
2019/03/04 22:00,1.13327
2019/03/05 2:00,1.1328
2019/03/05 6:00,1.13262
2019/03/05 10:00,1.13301
2019/03/05 14:00,1.12965
2019/03/05 18:00,1.13069
2019/03/05 22:00,1.13019
2019/03/06 2:00,1.1297
2019/03/06 6:00,1.13004
2019/03/06 10:00,1.1304
2019/03/06 14:00,1.13072
2019/03/06 18:00,1.13053
2019/03/06 22:00,1.13078
2019/03/07 2:00,1.13055
2019/03/07 6:00,1.13086
2019/03/07 10:00,1.12597
2019/03/07 14:00,1.12246
2019/03/07 18:00,1.11923
2019/03/07 22:00,1.11877
2019/03/08 2:00,1.12008
2019/03/08 6:00,1.12119
2019/03/08 10:00,1.12247
2019/03/08 14:00,1.12394
2019/03/08 18:00,1.12325
2019/03/10 22:00,1.12281
2019/03/11 2:00,1.12326
2019/03/11 6:00,1.12516
2019/03/11 10:00,1.12468
2019/03/11 14:00,1.12409
2019/03/11 18:00,1.12481
2019/03/11 22:00,1.12599
2019/03/12 2:00,1.12546
2019/03/12 6:00,1.12723
2019/03/12 10:00,1.1279
2019/03/12 14:00,1.12888
2019/03/12 18:00,1.12869
2019/03/12 22:00,1.12864
2019/03/13 2:00,1.12859
2019/03/13 6:00,1.12933
2019/03/13 10:00,1.13066
2019/03/13 14:00,1.13021
2019/03/13 18:00,1.13296
2019/03/13 22:00,1.13261
2019/03/14 2:00,1.1319
2019/03/14 6:00,1.13128
2019/03/14 10:00,1.12992
2019/03/14 14:00,1.12983
2019/03/14 18:00,1.13035
2019/03/14 22:00,1.13092
2019/03/15 2:00,1.13158
2019/03/15 6:00,1.13213
2019/03/15 10:00,1.13288
2019/03/15 14:00,1.13196
2019/03/15 18:00,1.13229
2019/03/17 22:00,1.13253
2019/03/18 2:00,1.13338
2019/03/18 6:00,1.13503
2019/03/18 10:00,1.13452
2019/03/18 14:00,1.13269
2019/03/18 18:00,1.13344
2019/03/18 22:00,1.13376
2019/03/19 2:00,1.1343
2019/03/19 6:00,1.13515
2019/03/19 10:00,1.13456
2019/03/19 14:00,1.1353
2019/03/19 18:00,1.13486
2019/03/19 22:00,1.13485
2019/03/20 2:00,1.13467
2019/03/20 6:00,1.13485
2019/03/20 10:00,1.13586
2019/03/20 14:00,1.13562
2019/03/20 18:00,1.14232
2019/03/20 22:00,1.14308
2019/03/21 2:00,1.14191
2019/03/21 6:00,1.14053
2019/03/21 10:00,1.13914
2019/03/21 14:00,1.13521
2019/03/21 18:00,1.13723
2019/03/21 22:00,1.13751
2019/03/22 2:00,1.13764
2019/03/22 6:00,1.1304
2019/03/22 10:00,1.13042
2019/03/22 14:00,1.12958
2019/03/22 18:00,1.12992
2019/03/24 22:00,1.12943
2019/03/25 2:00,1.13024
2019/03/25 6:00,1.13197
2019/03/25 10:00,1.13159
2019/03/25 14:00,1.13158
2019/03/25 18:00,1.13122
2019/03/25 22:00,1.13158
2019/03/26 2:00,1.13066
2019/03/26 6:00,1.13164
2019/03/26 10:00,1.12846
2019/03/26 14:00,1.12826
2019/03/26 18:00,1.12695
2019/03/26 22:00,1.12549
2019/03/27 2:00,1.12565
2019/03/27 6:00,1.12795
2019/03/27 10:00,1.12578
2019/03/27 14:00,1.12531
2019/03/27 18:00,1.12507
2019/03/27 22:00,1.12451
2019/03/28 2:00,1.12562
2019/03/28 6:00,1.12545
2019/03/28 10:00,1.12164
2019/03/28 14:00,1.12345
2019/03/28 18:00,1.12251
2019/03/28 22:00,1.12267
2019/03/29 2:00,1.12332
2019/03/29 6:00,1.12107
2019/03/29 10:00,1.12342
2019/03/29 14:00,1.12204
2019/03/29 18:00,1.12168
2019/03/31 22:00,1.12274
2019/04/01 2:00,1.12334
2019/04/01 6:00,1.12452
2019/04/01 10:00,1.12341
2019/04/01 14:00,1.12055
2019/04/01 18:00,1.12117
2019/04/01 22:00,1.1205
2019/04/02 2:00,1.12016
2019/04/02 6:00,1.11973
2019/04/02 10:00,1.12049
2019/04/02 14:00,1.11962
2019/04/02 18:00,1.12033
2019/04/02 22:00,1.12156
2019/04/03 2:00,1.12221
2019/04/03 6:00,1.12428
2019/04/03 10:00,1.12337
2019/04/03 14:00,1.12436
2019/04/03 18:00,1.12312
2019/04/03 22:00,1.12437
2019/04/04 2:00,1.12402
2019/04/04 6:00,1.1231
2019/04/04 10:00,1.12167
2019/04/04 14:00,1.12185
2019/04/04 18:00,1.12191
2019/04/04 22:00,1.12215
2019/04/05 2:00,1.12262
2019/04/05 6:00,1.12293
2019/04/05 10:00,1.12354
2019/04/05 14:00,1.1214
2019/04/05 18:00,1.12153
2019/04/07 22:00,1.1217
2019/04/08 2:00,1.12301
2019/04/08 6:00,1.12327
2019/04/08 10:00,1.12605
2019/04/08 14:00,1.12665
2019/04/08 18:00,1.12609
2019/04/08 22:00,1.12585
2019/04/09 2:00,1.1265
2019/04/09 6:00,1.12792
2019/04/09 10:00,1.12782
2019/04/09 14:00,1.12694
2019/04/09 18:00,1.12609
2019/04/09 22:00,1.12578
2019/04/10 2:00,1.12607
2019/04/10 6:00,1.1269
2019/04/10 10:00,1.12555
2019/04/10 14:00,1.12748
2019/04/10 18:00,1.12724
2019/04/10 22:00,1.12753
2019/04/11 2:00,1.12791
2019/04/11 6:00,1.12785
2019/04/11 10:00,1.12592
2019/04/11 14:00,1.12575
2019/04/11 18:00,1.12507
2019/04/11 22:00,1.12829
2019/04/12 2:00,1.12907
2019/04/12 6:00,1.13047
2019/04/12 10:00,1.13196
2019/04/12 14:00,1.12978
2019/04/12 18:00,1.12972
2019/04/14 22:00,1.13032
2019/04/15 2:00,1.13082
2019/04/15 6:00,1.13174
2019/04/15 10:00,1.13125
2019/04/15 14:00,1.13059
2019/04/15 18:00,1.13023
2019/04/15 22:00,1.13049
2019/04/16 2:00,1.13037
2019/04/16 6:00,1.13044
2019/04/16 10:00,1.12962
2019/04/16 14:00,1.12832
2019/04/16 18:00,1.12796
2019/04/16 22:00,1.12859
2019/04/17 2:00,1.13025
2019/04/17 6:00,1.13153
2019/04/17 10:00,1.13029
2019/04/17 14:00,1.12955
2019/04/17 18:00,1.12936
2019/04/17 22:00,1.12977
2019/04/18 2:00,1.12942
2019/04/18 6:00,1.126
2019/04/18 10:00,1.12397
2019/04/18 14:00,1.1229
2019/04/18 18:00,1.1228
2019/04/18 22:00,1.12389
2019/04/19 2:00,1.12373
2019/04/19 6:00,1.12458
2019/04/19 10:00,1.12436
2019/04/19 14:00,1.12443
2019/04/19 18:00,1.12388
2019/04/21 22:00,1.12418
2019/04/22 2:00,1.12376
2019/04/22 6:00,1.12452
2019/04/22 10:00,1.12485
2019/04/22 14:00,1.12574
2019/04/22 18:00,1.12559
2019/04/22 22:00,1.12439
2019/04/23 2:00,1.12492
2019/04/23 6:00,1.12495
2019/04/23 10:00,1.12171
2019/04/23 14:00,1.12127
2019/04/23 18:00,1.1226
2019/04/23 22:00,1.1217
2019/04/24 2:00,1.12152
2019/04/24 6:00,1.12176
2019/04/24 10:00,1.12026
2019/04/24 14:00,1.11581
2019/04/24 18:00,1.11513
2019/04/24 22:00,1.11518
2019/04/25 2:00,1.11567
2019/04/25 6:00,1.11466
2019/04/25 10:00,1.113
2019/04/25 14:00,1.11358
2019/04/25 18:00,1.11304
2019/04/25 22:00,1.11287
2019/04/26 2:00,1.11345
2019/04/26 6:00,1.11416
2019/04/26 10:00,1.11472
2019/04/26 14:00,1.11623
2019/04/26 18:00,1.11464
2019/04/28 22:00,1.1148
2019/04/29 2:00,1.11576
2019/04/29 6:00,1.11643
2019/04/29 10:00,1.1155
2019/04/29 14:00,1.11804
2019/04/29 18:00,1.11846
2019/04/29 22:00,1.1189
2019/04/30 2:00,1.11877
2019/04/30 6:00,1.12054
2019/04/30 10:00,1.12187
2019/04/30 14:00,1.1216
2019/04/30 18:00,1.12137
2019/04/30 22:00,1.12175
2019/05/01 2:00,1.12166
2019/05/01 6:00,1.12274
2019/05/01 10:00,1.12237
2019/05/01 14:00,1.12411
2019/05/01 18:00,1.1194
2019/05/01 22:00,1.12053
2019/05/02 2:00,1.12069
2019/05/02 6:00,1.12076
2019/05/02 10:00,1.11956
2019/05/02 14:00,1.11772
2019/05/02 18:00,1.11705
2019/05/02 22:00,1.11767
2019/05/03 2:00,1.11677
2019/05/03 6:00,1.11641
2019/05/03 10:00,1.11592
2019/05/03 14:00,1.1195
2019/05/03 18:00,1.12007
2019/05/05 22:00,1.11845
2019/05/06 2:00,1.11903
2019/05/06 6:00,1.1183
2019/05/06 10:00,1.11828
2019/05/06 14:00,1.12022
2019/05/06 18:00,1.11971
2019/05/06 22:00,1.11992
2019/05/07 2:00,1.12128
2019/05/07 6:00,1.11957
2019/05/07 10:00,1.11827
2019/05/07 14:00,1.11742
2019/05/07 18:00,1.11904
2019/05/07 22:00,1.11918
2019/05/08 2:00,1.12044
2019/05/08 6:00,1.11968
2019/05/08 10:00,1.11979
2019/05/08 14:00,1.11879
2019/05/08 18:00,1.11901
2019/05/08 22:00,1.11907
2019/05/09 2:00,1.1194
2019/05/09 6:00,1.1188
2019/05/09 10:00,1.11962
2019/05/09 14:00,1.12146
2019/05/09 18:00,1.12114
2019/05/09 22:00,1.12286
2019/05/10 2:00,1.1225
2019/05/10 6:00,1.12302
2019/05/10 10:00,1.12413
2019/05/10 14:00,1.12359
2019/05/10 18:00,1.12332
2019/05/12 22:00,1.12309
2019/05/13 2:00,1.12289
2019/05/13 6:00,1.12289
2019/05/13 10:00,1.12567
2019/05/13 14:00,1.12345
2019/05/13 18:00,1.12208
2019/05/13 22:00,1.12355
2019/05/14 2:00,1.12389
2019/05/14 6:00,1.12416
2019/05/14 10:00,1.12133
2019/05/14 14:00,1.1209
2019/05/14 18:00,1.12026
2019/05/14 22:00,1.12029
2019/05/15 2:00,1.12088
2019/05/15 6:00,1.12132
2019/05/15 10:00,1.1183
2019/05/15 14:00,1.12057
2019/05/15 18:00,1.11999
2019/05/15 22:00,1.12058
2019/05/16 2:00,1.1209
2019/05/16 6:00,1.12198
2019/05/16 10:00,1.11869
2019/05/16 14:00,1.11765
2019/05/16 18:00,1.11728
2019/05/16 22:00,1.11743
2019/05/17 2:00,1.11786
2019/05/17 6:00,1.11731
2019/05/17 10:00,1.11755
2019/05/17 14:00,1.11637
2019/05/17 18:00,1.1157
2019/05/19 22:00,1.11633
2019/05/20 2:00,1.11531
2019/05/20 6:00,1.11545
2019/05/20 10:00,1.11629
2019/05/20 14:00,1.11674
2019/05/20 18:00,1.11647
2019/05/20 22:00,1.11643
2019/05/21 2:00,1.11594
2019/05/21 6:00,1.11466
2019/05/21 10:00,1.11568
2019/05/21 14:00,1.11593
2019/05/21 18:00,1.11596
2019/05/21 22:00,1.11601
2019/05/22 2:00,1.11547
2019/05/22 6:00,1.11588
2019/05/22 10:00,1.11662
2019/05/22 14:00,1.11563
2019/05/22 18:00,1.11493
2019/05/22 22:00,1.11519
2019/05/23 2:00,1.11484
2019/05/23 6:00,1.11389
2019/05/23 10:00,1.11348
2019/05/23 14:00,1.11813
2019/05/23 18:00,1.11806
2019/05/23 22:00,1.11796
2019/05/24 2:00,1.11802
2019/05/24 6:00,1.11838
2019/05/24 10:00,1.11948
2019/05/24 14:00,1.12044
2019/05/24 18:00,1.12041
2019/05/26 22:00,1.12063
2019/05/27 2:00,1.12059
2019/05/27 6:00,1.11919
2019/05/27 10:00,1.11955
2019/05/27 14:00,1.11903
2019/05/27 18:00,1.11902
2019/05/27 22:00,1.11916
2019/05/28 2:00,1.11813
2019/05/28 6:00,1.11917
2019/05/28 10:00,1.1188
2019/05/28 14:00,1.11644
2019/05/28 18:00,1.11591
2019/05/28 22:00,1.11685
2019/05/29 2:00,1.11638
2019/05/29 6:00,1.11539
2019/05/29 10:00,1.11488
2019/05/29 14:00,1.11329
2019/05/29 18:00,1.11302
2019/05/29 22:00,1.11389
2019/05/30 2:00,1.11394
2019/05/30 6:00,1.11332
2019/05/30 10:00,1.11306
2019/05/30 14:00,1.11352
2019/05/30 18:00,1.11283
2019/05/30 22:00,1.11336
2019/05/31 2:00,1.11273
2019/05/31 6:00,1.11473
2019/05/31 10:00,1.11554
2019/05/31 14:00,1.11609
2019/05/31 18:00,1.11672
2019/06/02 22:00,1.11785
2019/06/03 2:00,1.1176
2019/06/03 6:00,1.11787
2019/06/03 10:00,1.11943
2019/06/03 14:00,1.12148
2019/06/03 18:00,1.12406
2019/06/03 22:00,1.12493
2019/06/04 2:00,1.12462
2019/06/04 6:00,1.12471
2019/06/04 10:00,1.12342
2019/06/04 14:00,1.12438
2019/06/04 18:00,1.12507
2019/06/04 22:00,1.12573
2019/06/05 2:00,1.12595
2019/06/05 6:00,1.12784
2019/06/05 10:00,1.1292
2019/06/05 14:00,1.12345
2019/06/05 18:00,1.122
2019/06/05 22:00,1.12263
2019/06/06 2:00,1.1232
2019/06/06 6:00,1.12387
2019/06/06 10:00,1.12849
2019/06/06 14:00,1.12926
2019/06/06 18:00,1.12745
2019/06/06 22:00,1.12741
2019/06/07 2:00,1.12663
2019/06/07 6:00,1.12645
2019/06/07 10:00,1.13163
2019/06/07 14:00,1.13389
2019/06/07 18:00,1.13301
2019/06/09 22:00,1.13157
2019/06/10 2:00,1.1307
2019/06/10 6:00,1.12957
2019/06/10 10:00,1.13077
2019/06/10 14:00,1.13154
2019/06/10 18:00,1.13104
2019/06/10 22:00,1.1314
2019/06/11 2:00,1.13167
2019/06/11 6:00,1.13121
2019/06/11 10:00,1.13177
2019/06/11 14:00,1.13285
